year,per capita income (US$)
2017,77606.59773749905
2018,78435.06281272159
2019,79263.52788794436
2020,80091.99296316714
2021,80920.45803838992
2022,81748.92311361246
2023,82577.38818883523
